storm,config,runtime_h,runtime_ratio,WSE_RMSE_m,WSE_peak_pct_err,Hs_RMSE_m,Tp_RMSE_s,MWD_RMSE_deg
ike,No SWAN,1.094,1.0,0.21,13.0,,,
ike,Gen1,2.837,2.593235831809872,0.19,12.0,0.9,2.822,43.238
ike,Gen2,2.688,2.457038391224863,0.196,10.0,1.033,2.541,40.392
ike,Gen3,4.086,3.7349177330895795,0.197,11.0,0.802,2.413,37.076
ida,No SWAN,0.647,1.0,0.285,20.0,,,
ida,Gen1,1.881,2.90726429675425,0.282,20.0,0.813,4.865,62.38
ida,Gen2,1.818,2.8098918083462134,0.281,21.0,0.883,5.068,60.229
ida,Gen3,3.206,4.9551777434312205,0.282,22.0,0.834,9.96,67.73
